quality_tier,floors_band,category,share_pct,data_type,source,source_date
economy,1-2,Foundation,TODO(data),published_rate_derived,TODO(data),TODO(data)
economy,1-2,Structure,TODO(data),published_rate_derived,TODO(data),TODO(data)
economy,1-2,Masonry,TODO(data),published_rate_derived,TODO(data),TODO(data)
economy,1-2,Roofing,TODO(data),published_rate_derived,TODO(data),TODO(data)
economy,1-2,Flooring,TODO(data),published_rate_derived,TODO(data),TODO(data)
economy,1-2,Plumbing,TODO(data),published_rate_derived,TODO(data),TODO(data)
economy,1-2,Electrical,TODO(data),published_rate_derived,TODO(data),TODO(data)
economy,1-2,Finishing,TODO(data),published_rate_derived,TODO(data),TODO(data)
economy,1-2,Labour,TODO(data),published_rate_derived,TODO(data),TODO(data)
standard,1-4,Foundation,TODO(data),published_rate_derived,TODO(data),TODO(data)
standard,1-4,Structure,TODO(data),published_rate_derived,TODO(data),TODO(data)
standard,1-4,Masonry,TODO(data),published_rate_derived,TODO(data),TODO(data)
standard,1-4,Roofing,TODO(data),published_rate_derived,TODO(data),TODO(data)
standard,1-4,Flooring,TODO(data),published_rate_derived,TODO(data),TODO(data)
standard,1-4,Plumbing,TODO(data),published_rate_derived,TODO(data),TODO(data)
standard,1-4,Electrical,TODO(data),published_rate_derived,TODO(data),TODO(data)
standard,1-4,Finishing,TODO(data),published_rate_derived,TODO(data),TODO(data)
standard,1-4,Labour,TODO(data),published_rate_derived,TODO(data),TODO(data)
premium,1-4,Foundation,TODO(data),published_rate_derived,TODO(data),TODO(data)
premium,1-4,Structure,TODO(data),published_rate_derived,TODO(data),TODO(data)
premium,1-4,Masonry,TODO(data),published_rate_derived,TODO(data),TODO(data)
premium,1-4,Roofing,TODO(data),published_rate_derived,TODO(data),TODO(data)
premium,1-4,Flooring,TODO(data),published_rate_derived,TODO(data),TODO(data)
premium,1-4,Plumbing,TODO(data),published_rate_derived,TODO(data),TODO(data)
premium,1-4,Electrical,TODO(data),published_rate_derived,TODO(data),TODO(data)
premium,1-4,Finishing,TODO(data),published_rate_derived,TODO(data),TODO(data)
premium,1-4,Labour,TODO(data),published_rate_derived,TODO(data),TODO(data)
